Gene	ID	logFC	AveExpr	t	P.Value	adj.P.Val	B	prot	abs_fc	seq	hgnc_symbol	first_ten	Degron
HMGCS1	Q01581	-1.01393757630027	27.7629884845506	-3.66576512347734	0.00159368737684839	0.0497568943851428	-1.10430273260477	MKLN1	1.01393757630027	MPGSLPLNAEACWPKDVGIVALEIYFPSQYVDQAELEKYDGVDAGKYTIGLGQAKMGFCTDREDINSLCMTVVQNLMERNNLSYDCIGRLEVGTETIIDKSKSVKTNLMQLFEESGNTDIEGIDTTNACYGGTAAVFNAVNWIESSSWDGRYALVVAGDIAVYATGNARPTGGVGAVALLIGPNAPLIFERGLRGTHMQHAYDFYKPDMLSEYPIVDGKLSIQCYLSALDRCYSVYCKKIHAQWQKEGNDKDFTLNDFGFMIFHSPYCKLVQKSLARMLLNDFLNDQNRDKNSIYSGLEAFGDVKLEDTYFDRDVEKAFMKASSELFSQKTKASLLVSNQNGNMYTSSVYGSLASVLAQYSPQQLAGKRIGVFSYGSGLAATLYSLKVTQDATPGSALDKITASLCDLKSRLDSRTGVAPDVFAENMKLREDTHHLVNYIPQGSIDSLFEGTWYLVRVDEKHRRTYARRPTPNDDTLDEGVGLVHSNIATEHIPSPAKKVPRLPATAAEPEAAVISNGEH	HMGCS1	MPGSLPLNAE	Perfect
CKAP4	Q07065	-0.933358818757316	30.1884876608913	-7.66062542505512	2.72954408062569e-7	1.9259663032894e-4	7.03640915319174	WDR26	0.933358818757316	MPSAKQRGSKGGHGAASPSEKGAHPSGGADDVAKKPPPAPQQPPPPPAPHPQQHPQQHPQNQAHGKGGHRGGGGGGGKSSSSSSASAAAAAAAASSSASCSRRLGRALNFLFYLALVAAAAFSGWCVHHVLEEVQQVRRSHQDFSRQREELGQGLQGVEQKVQSLQATFGTFESILRSSQHKQDLTEKAVKQGESEVSRISEVLQKLQNEILKDLSDGIHVVKDARERDFTSLENTVEERLTELTKSINDNIAIFTEVQKRSQKEINDMKAKVASLEESEGNKQDLKALKEAVKEIQTSAKSREWDMEALRSTLQTMESDIYTEVRELVSLKQEQQAFKEAADTERLALQALTEKLLRSEESVSRLPEEIRRLEEELRQLKSDSHGPKEDGGFRHSEAFEALQQKSQGLDSRLQHVEDGVLSMQVASARQTESLESLLSKSQEHEQRLAALQGRLEGLGSSEADQDGLASTVRSLGETQLVLYGDVEELKRSVGELPSTVESLQKVQEQVHTLLSQDQAQAARLPPQDFLDRLSSLDNLKASVSQVEADLKMLRTAVDSLVAYSVKIETNENNLESAKGLLDDLRNDLDRLFVKVEKIHEKV	CKAP4	MPSAKQRGSK	Perfect
SLMAP	Q14BN4	-1.52595023020444	25.9464054651397	-3.90673877261021	9.1462873483898e-4	0.0358534464056881	-0.722139697039847	WDR26	1.52595023020444	MPSALAIFTCRPNSHPFQERHVYLDEPIKIGRSVARCRPAQNNATFDCKVLSRNHALVWFDHKTGKFYLQDTKSSNGTFINSQRLSRGSEESPPCEILSGDIIQFGVDVTENTRKVTHGCIVSTIKLFLPDGMEARLRSDVIHAPLPSPVDKVAANTPSMYSQELFQLSQYLQEALHREQMLEQKLATLQRLLAITQEASDTSWQALIDEDRLLSRLEVMGNQLQACSKNQTEDSLRKELIALQEDKHNYETTAKESLRRVLQEKIEVVRKLSEVERSLSNTEDECTHLKEMNERTQEELRELANKYNGAVNEIKDLSDKLKVAEGKQEEIQQKGQAEKKELQHKIDEMEEKEQELQAKIEALQADNDFTNERLTALQVRLEHLQEKTLKECSSLEHLLSKSGGDCTFIHQFIECQKKLIVEGHLTKAVEETKLSKENQTRAKESDFSDTLSPSKEKSSDDTTDAQMDEQDLNEPLAKVSLLKDDLQGAQSEIEAKQEIQHLRKELIEAQELARTSKQKCFELQALLEEERKAYRNQVEESTKQIQVLQAQLQRLHIDTENLREEKDSEITSTRDELLSARDEILLLHQAAAKVASERDTDIASLQEELKKVRAELERWRKAASEYEKEITSLQNSFQLRCQQCEDQQREEATRLQGELEKLRKEWNALETECHSLKRENVLLSSELQRQEKELHNSQKQSLELTSDLSILQMSRKELENQVGSLKEQHLRDSADLKTLLSKAENQAKDVQKEYEKTQTVLSELKLKFEMTEQEKQSITDELKQCKNNLKLLREKGNNKPWPWMPMLAALVAVTAIVLYVPGLARASP	SLMAP	MPSALAIFTC	Perfect
CDKAL1	Q5VV42	-3.01030719762038	24.0467210337219	-3.69385204333341	0.00149396581505494	0.0485093188432301	-1.18964523409831	WDR26	3.01030719762038	MPSASCDTLLDDIEDIVSQEDSKPQDRHFVRKDVVPKVRRRNTQKYLQEEENSPPSDSTIPGIQKIWIRTWGCSHNNSDGEYMAGQLAAYGYKITENASDADLWLLNSCTVKNPAEDHFRNSIKKAQEENKKIVLAGCVPQAQPRQDYLKGLSIIGVQQIDRVVEVVEETIKGHSVRLLGQKKDNGRRLGGARLDLPKIRKNPLIEIISINTGCLNACTYCKTKHARGNLASYPIDELVDRAKQSFQEGVCEIWLTSEDTGAYGRDIGTNLPTLLWKLVEVIPEGAMLRLGMTNPPYILEHLEEMAKILNHPRVYAFLHIPVQSASDSVLMEMKREYCVADFKRVVDFLKEKVPGITIATDIICGFPGETDQDFQETVKLVEEYKFPSLFINQFYPRPGTPAAKMEQVPAQVKKQRTKDLSRVFHSYSPYDHKIGERQQVLVTEESFDSKFYVAHNQFYEQVLVPKNPAFMGKMVEVDIYESGKHFMKGQPVSDAKVYTPSISKPLAKGEVSGLTKDFRNGLGNQLSSGSHTSAASQCDSASSRMVLPMPRLHQDCALRMSVGLALLGLLFAFFVKVYN	CDKAL1	MPSASCDTLL	Perfect
PRKCI	P41743	-0.812958297016504	26.5366296940887	-6.76964705549106	6.24077685884061e-6	1.3442143881247e-4	3.87626042298763	RMND5A	0.812958297016504	MPTQRDSSTMSHTVAGGGSGDHSHQVRVKAYYRGDIMITHFEPSISFEGLCNEVRDMCSFDNEQLFTMKWIDEEGDPCTVSSQLELEEAFRLYELNKDSELLIHVFPCVPERPGMPCPGEDKSIYRRGARRWRKLYCANGHTFQAKRFNRRAHCAICTDRIWGLGRQGYKCINCKLLVHKKCHKLVTIECGRHSLPQEPVMPMDQSSMHSDHAQTVIPYNPSSHESLDQVGEEKEAMNTRESGKASSSLGLQDFDLLRVIGRGSYAKVLLVRLKKTDRIYAMKVVKKELVNDDEDIDWVQTEKHVFEQASNHPFLVGLHSCFQTESRLFFVIEYVNGGDLMFHMQRQRKLPEEHARFYSAEISLALNYLHERGIIYRDLKLDNVLLDSEGHIKLTDYGMCKEGLRPGDTTSTFCGTPNYIAPEILRGEDYGFSVDWWALGVLMFEMMAGRSPFDIVGSSDNPDQNTEDYLFQVILEKQIRIPRSLSVKAASVLKSFLNKDPKERLGCHPQTGFADIQGHPFFRNVDWDMMEQKQVVPPFKPNISGEFGLDNFDSQFTNEPVQLTPDDDDIVRKIDQSEFEGFEYINPLLMSAEECV	PRKCI	MPTQRDSSTM	Perfect
SGPL1	O95470	-0.718008680446189	26.2315346618419	-5.00268122064797	1.5656437596509e-4	0.00152031794031082	0.5834813162418	RMND5A	0.718008680446189	MPSTDLLMLKAFEPYLEILEVYSTKAKNYVNGHCTKYEPWQLIAWSVVWTLLIVWGYEFVFQPESLWSRFKKKCFKLTRKMPIIGRKIQDKLNKTKDDISKNMSFLKVDKEYVKALPSQGLSSSAVLEKLKEYSSMDAFWQEGRASGTVYSGEEKLTELLVKAYGDFAWSNPLHPDIFPGLRKIEAEIVRIACSLFNGGPDSCGCVTSGGTESILMACKAYRDLAFEKGIKTPEIVAPQSAHAAFNKAASYFGMKIVRVPLTKMMEVDVRAMRRAISRNTAMLVCSTPQFPHGVIDPVPEVAKLAVKYKIPLHVDACLGGFLIVFMEKAGYPLEHPFDFRVKGVTSISADTHKYGYAPKGSSLVLYSDKKYRNYQFFVDTDWQGGIYASPTIAGSRPGGISAACWAALMHFGENGYVEATKQIIKTARFLKSELENIKGIFVFGNPQLSVIALGSRDFDIYRLSNLMTAKGWNLNQLQFPPSIHFCITLLHARKRVAIQFLKDIRESVTQIMKNPKAKTTGMGAIYGMAQTTVDRNMVAELSSVFLDSLYSTDTVTQGSQMNGSPKPH	SGPL1	MPSTDLLMLK	Perfect
HMGCS1	Q01581	-0.949697641881666	28.5102327347548	-4.38629009262176	5.2879173266644e-4	0.003938154022604	-0.650580180521994	RMND5A	0.949697641881666	MPGSLPLNAEACWPKDVGIVALEIYFPSQYVDQAELEKYDGVDAGKYTIGLGQAKMGFCTDREDINSLCMTVVQNLMERNNLSYDCIGRLEVGTETIIDKSKSVKTNLMQLFEESGNTDIEGIDTTNACYGGTAAVFNAVNWIESSSWDGRYALVVAGDIAVYATGNARPTGGVGAVALLIGPNAPLIFERGLRGTHMQHAYDFYKPDMLSEYPIVDGKLSIQCYLSALDRCYSVYCKKIHAQWQKEGNDKDFTLNDFGFMIFHSPYCKLVQKSLARMLLNDFLNDQNRDKNSIYSGLEAFGDVKLEDTYFDRDVEKAFMKASSELFSQKTKASLLVSNQNGNMYTSSVYGSLASVLAQYSPQQLAGKRIGVFSYGSGLAATLYSLKVTQDATPGSALDKITASLCDLKSRLDSRTGVAPDVFAENMKLREDTHHLVNYIPQGSIDSLFEGTWYLVRVDEKHRRTYARRPTPNDDTLDEGVGLVHSNIATEHIPSPAKKVPRLPATAAEPEAAVISNGEH	HMGCS1	MPGSLPLNAE	Perfect
CDC42EP1	Q00587	-4.27537073928412	23.5048659511535	-3.8808657426937	0.00147253276840783	0.00868497850252884	-1.68072872183697	RMND5A	4.27537073928412	MPGPQGGRGAATMSLGKLSPVGWVSSSQGKRRLTADMISHPLGDFRHTMHVGRGGDVFGDTSFLSNHGGSSGSTHRSPRSFLAKKLQLVRRVGAPPRRMASPPAPSPAPPAISPIIKNAISLPQLNQAAYDSLVVGKLSFDSSPTSSTDGHSSYGLDSGFCTISRLPRSEKPHDRDRDGSFPSEPGLRRSDSLLSFRLDLDLGPSLLSELLGVMSLPEAPAAETPAPAANPPAPTANPTGPAANPPATTANPPAPAANPSAPAATPTGPAANPPAPAASSTPHGHCPNGVTAGLGPVAEVKSSPVGGGPRGPAGPALGRHWGAGWDGGHHYPEMDARQERVEVLPQARASWESLDEEWRAPQAGSRTPVPSTVQANTFEFADAEEDDEVKV	CDC42EP1	MPGPQGGRGA	Perfect
PTPN2	P17706	-2.93456619834236	24.0419001785036	-2.87520268610436	0.0115419652625303	0.0429791486131849	-3.71230004336379	RMND5A	2.93456619834236	MPTTIEREFEELDTQRRWQPLYLEIRNESHDYPHRVAKFPENRNRNRYRDVSPYDHSRVKLQNAENDYINASLVDIEEAQRSYILTQGPLPNTCCHFWLMVWQQKTKAVVMLNRIVEKESVKCAQYWPTDDQEMLFKETGFSVKLLSEDVKSYYTVHLLQLENINSGETRTISHFHYTTWPDFGVPESPASFLNFLFKVRESGSLNPDHGPAVIHCSAGIGRSGTFSLVDTCLVLMEKGDDINIKQVLLNMRKYRMGLIQTPDQLRFSYMAIIEGAKCIKGDSSIQKRWKELSKEDLSPAFDHSPNKIMTEKYNGNRIGLEEEKLTGDRCTGLSSKMQDTMEENSESALRKRIREDRKATTAQKVQQMKQRLNENERKRKRWLYWQPILTKMGFMSVILVGAFVGWTLFFQQNAL	PTPN2	MPTTIEREFE	Perfect
CKAP4	Q07065	-1.23085126420426	29.8240667039714	-18.3814904403092	1.0301430388139199e-11	1.50881617084945e-8	17.0763841892271	MAEA	1.23085126420426	MPSAKQRGSKGGHGAASPSEKGAHPSGGADDVAKKPPPAPQQPPPPPAPHPQQHPQQHPQNQAHGKGGHRGGGGGGGKSSSSSSASAAAAAAAASSSASCSRRLGRALNFLFYLALVAAAAFSGWCVHHVLEEVQQVRRSHQDFSRQREELGQGLQGVEQKVQSLQATFGTFESILRSSQHKQDLTEKAVKQGESEVSRISEVLQKLQNEILKDLSDGIHVVKDARERDFTSLENTVEERLTELTKSINDNIAIFTEVQKRSQKEINDMKAKVASLEESEGNKQDLKALKEAVKEIQTSAKSREWDMEALRSTLQTMESDIYTEVRELVSLKQEQQAFKEAADTERLALQALTEKLLRSEESVSRLPEEIRRLEEELRQLKSDSHGPKEDGGFRHSEAFEALQQKSQGLDSRLQHVEDGVLSMQVASARQTESLESLLSKSQEHEQRLAALQGRLEGLGSSEADQDGLASTVRSLGETQLVLYGDVEELKRSVGELPSTVESLQKVQEQVHTLLSQDQAQAARLPPQDFLDRLSSLDNLKASVSQVEADLKMLRTAVDSLVAYSVKIETNENNLESAKGLLDDLRNDLDRLFVKVEKIHEKV	CKAP4	MPSAKQRGSK	Perfect
DNMT1	P26358	-0.800565254024182	28.7765528247097	-9.40679333988277	1.09059618010037e-7	6.74940790895918e-6	8.05920225654663	MAEA	0.800565254024182	MPARTAPARVPTLAVPAISLPDDVRRRLKDLERDSLTEKECVKEKLNLLHEFLQTEIKNQLCDLETKLRKEELSEEGYLAKVKSLLNKDLSLENGAHAYNREVNGRLENGNQARSEARRVGMADANSPPKPLSKPRTPRRSKSDGEAKPEPSPSPRITRKSTRQTTITSHFAKGPAKRKPQEESERAKSDESIKEEDKDQDEKRRRVTSRERVARPLPAEEPERAKSGTRTEKEEERDEKEEKRLRSQTKEPTPKQKLKEEPDREARAGVQADEDEDGDEKDEKKHRSQPKDLAAKRRPEEKEPEKVNPQISDEKDEDEKEEKRRKTTPKEPTEKKMARAKTVMNSKTHPPKCIQCGQYLDDPDLKYGQHPPDAVDEPQMLTNEKLSIFDANESGFESYEALPQHKLTCFSVYCKHGHLCPIDTGLIEKNIELFFSGSAKPIYDDDPSLEGGVNGKNLGPINEWWITGFDGGEKALIGFSTSFAEYILMDPSPEYAPIFGLMQEKIYISKIVVEFLQSNSDSTYEDLINKIETTVPPSGLNLNRFTEDSLLRHAQFVVEQVESYDEAGDSDEQPIFLTPCMRDLIKLAGVTLGQRRAQARRQTIRHSTREKDRGPTKATTTKLVYQIFDTFFAEQIEKDDREDKENAFKRRRCGVCEVCQQPECGKCKACKDMVKFGGSGRSKQACQERRCPNMAMKEADDDEEVDDNIPEMPSPKKMHQGKKKKQNKNRISWVGEAVKTDGKKSYYKKVCIDAETLEVGDCVSVIPDDSSKPLYLARVTALWEDSSNGQMFHAHWFCAGTDTVLGATSDPLELFLVDECEDMQLSYIHSKVKVIYKAPSENWAMEGGMDPESLLEGDDGKTYFYQLWYDQDYARFESPPKTQPTEDNKFKFCVSCARLAEMRQKEIPRVLEQLEDLDSRVLYYSATKNGILYRVGDGVYLPPEAFTFNIKLSSPVKRPRKEPVDEDLYPEHYRKYSDYIKGSNLDAPEPYRIGRIKEIFCPKKSNGRPNETDIKIRVNKFYRPENTHKSTPASYHADINLLYWSDEEAVVDFKAVQGRCTVEYGEDLPECVQVYSMGGPNRFYFLEAYNAKSKSFEDPPNHARSPGNKGKGKGKGKGKPKSQACEPSEPEIEIKLPKLRTLDVFSGCGGLSEGFHQAGISDTLWAIEMWDPAAQAFRLNNPGSTVFTEDCNILLKLVMAGETTNSRGQRLPQKGDVEMLCGGPPCQGFSGMNRFNSRTYSKFKNSLVVSFLSYCDYYRPRFFLLENVRNFVSFKRSMVLKLTLRCLVRMGYQCTFGVLQAGQYGVAQTRRRAIILAAAPGEKLPLFPEPLHVFAPRACQLSVVVDDKKFVSNITRLSSGPFRTITVRDTMSDLPEVRNGASALEISYNGEPQSWFQRQLRGAQYQPILRDHICKDMSALVAARMRHIPLAPGSDWRDLPNIEVRLSDGTMARKLRYTHHDRKNGRSSSGALRGVCSCVEAGKACDPAARQFNTLIPWCLPHTGNRHNHWAGLYGRLEWDGFFSTTVTNPEPMGKQGRVLHPEQHRVVSVRECARSQGFPDTYRLFGNILDKHRQVGNAVPPPLAKAIGLEIKLCMLAKARESASAKIKEEEAAKD	DNMT1	MPARTAPARV	Perfect
MAPRE2	Q15555	-0.776789525727338	28.1794217486444	-7.84262257484456	1.08371072120233e-6	3.63498084653666e-5	5.73190349563697	MAEA	0.776789525727338	MPGPTQTLSPNGENNNDIIQDNNGTIIPFRKHTVRGERSYSWGMAVNVYSTSITQETMSRHDIIAWVNDIVSLNYTKVEQLCSGAAYCQFMDMLFPGCISLKKVKFQAKLEHEYIHNFKLLQASFKRMNVDKVIPVEKLVKGRFQDNLDFIQWFKKFYDANYDGKEYDPVEARQGQDAIPPPDPGEQIFNLPKKSHHANSPTAGAAKSSPAAKPGSTPSRPSSAKRASSSGSASKSDKDLETQVIQLNEQVHSLKLALEGVEKERDFYFGKLREIELLCQEHGQENDDLVQRLMDILYASEEHEGHTEEPEAEEQAHEQQPPQQEEY	MAPRE2	MPGPTQTLSP	Perfect
TPBG	Q13641	-0.741222924912144	25.3106785081946	-6.50954522586403	9.76445441783328e-6	1.861388837829e-4	3.49294180143665	MAEA	0.741222924912144	MPGGCSRGPAAGDGRLRLARLALVLLGWVSSSSPTSSASSFSSSAPFLASAVSAQPPLPDQCPALCECSEAARTVKCVNRNLTEVPTDLPAYVRNLFLTGNQLAVLPAGAFARRPPLAELAALNLSGSRLDEVRAGAFEHLPSLRQLDLSHNPLADLSPFAFSGSNASVSAPSPLVELILNHIVPPEDERQNRSFEGMVVAALLAGRALQGLRRLELASNHFLYLPRDVLAQLPSLRHLDLSNNSLVSLTYVSFRNLTHLESLHLEDNALKVLHNGTLAELQGLPHIRVFLDNNPWVCDCHMADMVTWLKETEVVQGKDRLTCAYPEKMRNRVLLELNSADLDCDPILPPSLQTSYVFLGIVLALIGAIFLLVLYLNRKGIKKWMHNIRDACRDHMEGYHYRYEINADPRLTNLSSNSDV	TPBG	MPGGCSRGPA	Perfect
PRKCI	P41743	-0.860836712696202	26.5366296940887	-6.41155737255011	1.15859922756448e-5	2.139027313411e-4	3.31860811782366	MAEA	0.860836712696202	MPTQRDSSTMSHTVAGGGSGDHSHQVRVKAYYRGDIMITHFEPSISFEGLCNEVRDMCSFDNEQLFTMKWIDEEGDPCTVSSQLELEEAFRLYELNKDSELLIHVFPCVPERPGMPCPGEDKSIYRRGARRWRKLYCANGHTFQAKRFNRRAHCAICTDRIWGLGRQGYKCINCKLLVHKKCHKLVTIECGRHSLPQEPVMPMDQSSMHSDHAQTVIPYNPSSHESLDQVGEEKEAMNTRESGKASSSLGLQDFDLLRVIGRGSYAKVLLVRLKKTDRIYAMKVVKKELVNDDEDIDWVQTEKHVFEQASNHPFLVGLHSCFQTESRLFFVIEYVNGGDLMFHMQRQRKLPEEHARFYSAEISLALNYLHERGIIYRDLKLDNVLLDSEGHIKLTDYGMCKEGLRPGDTTSTFCGTPNYIAPEILRGEDYGFSVDWWALGVLMFEMMAGRSPFDIVGSSDNPDQNTEDYLFQVILEKQIRIPRSLSVKAASVLKSFLNKDPKERLGCHPQTGFADIQGHPFFRNVDWDMMEQKQVVPPFKPNISGEFGLDNFDSQFTNEPVQLTPDDDDIVRKIDQSEFEGFEYINPLLMSAEECV	PRKCI	MPTQRDSSTM	Perfect
PTPN2	P17706	-4.02943558480649	24.0419001785036	-3.5311304799987	0.00301547141225388	0.015151493865573	-2.3007502681565	MAEA	4.02943558480649	MPTTIEREFEELDTQRRWQPLYLEIRNESHDYPHRVAKFPENRNRNRYRDVSPYDHSRVKLQNAENDYINASLVDIEEAQRSYILTQGPLPNTCCHFWLMVWQQKTKAVVMLNRIVEKESVKCAQYWPTDDQEMLFKETGFSVKLLSEDVKSYYTVHLLQLENINSGETRTISHFHYTTWPDFGVPESPASFLNFLFKVRESGSLNPDHGPAVIHCSAGIGRSGTFSLVDTCLVLMEKGDDINIKQVLLNMRKYRMGLIQTPDQLRFSYMAIIEGAKCIKGDSSIQKRWKELSKEDLSPAFDHSPNKIMTEKYNGNRIGLEEEKLTGDRCTGLSSKMQDTMEENSESALRKRIREDRKATTAQKVQQMKQRLNENERKRKRWLYWQPILTKMGFMSVILVGAFVGWTLFFQQNAL	PTPN2	MPTTIEREFE	Perfect
EFR3A	Q14156	-0.658950670877559	24.4500445228387	-3.06107588148098	0.00790675345952689	0.032139014524663397	-3.24800908088525	MAEA	0.658950670877559	MPTRVCCCCSALRPRYKRLVDNIFPEDPKDGLVKTDMEKLTFYAVSAPEKLDRIGSYLAERLSRDVVRHRSGYVLIAMEALDQLLMACHSQSIKPFVESFLHMVAKLLESGEPKLQVLGTNSFVKFANIEEDTPSYHRRYDFFVSRFSAMCHSCHSDPEIRTEIRIAGIRGIQGVVRKTVNDELRATIWEPQHMDKIVPSLLFNMQKIEEVDSRIGPPSSPSATDKEENPAVLAENCFRELLGRATFGNMNNAVRPVFAHLDHHKLWDPNEFAVHCFKIIMYSIQAQYSHHVIQEILGHLDARKKDAPRVRAGIIQVLLEAVAIAAKGSIGPTVLEVFNTLLKHLRLSVEFEANDLQGGSVGSVNLNTSSKDNDEKIVQNAIIQTIGFFGSNLPDYQRSEIMMFIMGKVPVFGTSTHTLDISQLGDLGTRRIQIMLLRSLLMVTSGYKAKTIVTALPGSFLDPLLSPSLMEDYELRQLVLEVMHNLMDRHDNRAKLRGIRIIPDVADLKIKREKICRQDTSFMKKNGQQLYRHIYLGCKEEDNVQKNYELLYTSLALITIELANEEVVIDLIRLAIALQDSAIINEDNLPMFHRCGIMALVAAYLNFVSQMIAVPAFCQHVSKVIEIRTMEAPYFLPEHIFRDKCMLPKSLEKHEKDLYFLTNKIAESLGGSGYSVERLSVPYVPQVTDEDRLSRRKSIVDTVSIQVDILSNNVPSDDVVSNTEEITFEALKKAIDTSGMEEQEKEKRRLVIEKFQKAPFEEIAAQCESKANLLHDRLAQILELTIRPPPSPSGTLTITSGHAQYQSVPVYEMKFPDLCVY	EFR3A	MPTRVCCCCS	Perfect
SPOCK1	Q08629	-4.44650951484731	21.5576313748349	-3.04261424302416	0.00821043531044057	0.0331130360294409	-3.28471009134369	MAEA	4.44650951484731	MPAIAVLAAAAAAWCFLQVESRHLDALAGGAGPNHGNFLDNDQWLSTVSQYDRDKYWNRFRDDDYFRNWNPNKPFDQALDPSKDPCLKVKCSPHKVCVTQDYQTALCVSRKHLLPRQKKGNVAQKHWVGPSNLVKCKPCPVAQSAMVCGSDGHSYTSKCKLEFHACSTGKSLATLCDGPCPCLPEPEPPKHKAERSACTDKELRNLASRLKDWFGALHEDANRVIKPTSSNTAQGRFDTSILPICKDSLGWMFNKLDMNYDLLLDPSEINAIYLDKYEPCIKPLFNSCDSFKDGKLSNNEWCYCFQKPGGLPCQNEMNRIQKLSKGKSLLGAFIPRCNEEGYYKATQCHGSTGQCWCVDKYGNELAGSRKQGAVSCEEEQETSGDFGSGGSVVLLDDLEYERELGPKDKEGKLRVHTRAVTEDDEDEDDDKEDEVGYIW	SPOCK1	MPAIAVLAAA	Perfect
